Train loss,train_test loss_dense,train_test loss_sparse,train_testloss
54320115450.63619,57053319168.0,18453254144.0,66279946240.0
36356241528.92953,37773651968.0,12546879488.0,44047091712.0
24593054897.493332,25353953280.0,8659702784.0,29683804672.0
16692472859.306667,17126321152.0,6026040320.0,20139341312.0
11283700332.251429,11557280768.0,4200655360.0,13657608448.0
7530714286.567619,7727268352.0,2913278720.0,9183907712.0
4908532646.765715,5067083776.0,1994330880.0,6064249216.0
3082610750.9028573,3216421120.0,1335359232.0,3884100736.0
