Train acc,Train loss,train_test loss,train_test acc
523330726164.9676,523330726164.9676,1056703381504.0,1056703381504.0
110173830573.10477,110173830573.10477,216472109056.0,216472109056.0
nan,nan,45902577664.0,45902577664.0
